-- MySQL dump 10.13  Distrib 8.0.34, for Win64 (x86_64)
--
-- Host: localhost    Database: tiendacom
-- ------------------------------------------------------
-- Server version	8.1.0

/*!40101 SET @OLD_CHARACTER_SET_CLIENT=@@CHARACTER_SET_CLIENT */;
/*!40101 SET @OLD_CHARACTER_SET_RESULTS=@@CHARACTER_SET_RESULTS */;
/*!40101 SET @OLD_COLLATION_CONNECTION=@@COLLATION_CONNECTION */;
/*!50503 SET NAMES utf8 */;
/*!40103 SET @OLD_TIME_ZONE=@@TIME_ZONE */;
/*!40103 SET TIME_ZONE='+00:00' */;
/*!40014 SET @OLD_UNIQUE_CHECKS=@@UNIQUE_CHECKS, UNIQUE_CHECKS=0 */;
/*!40014 SET @OLD_FOREIGN_KEY_CHECKS=@@FOREIGN_KEY_CHECKS, FOREIGN_KEY_CHECKS=0 */;
/*!40101 SET @OLD_SQL_MODE=@@SQL_MODE, SQL_MODE='NO_AUTO_VALUE_ON_ZERO' */;
/*!40111 SET @OLD_SQL_NOTES=@@SQL_NOTES, SQL_NOTES=0 */;

--
-- Table structure for table `cargo`
--

DROP TABLE IF EXISTS `cargo`;
/*!40101 SET @saved_cs_client     = @@character_set_client */;
/*!50503 SET character_set_client = utf8mb4 */;
CREATE TABLE `cargo` (
  `idcargo` int NOT NULL,
  `nombre` varchar(245) NOT NULL,
  PRIMARY KEY (`idcargo`)
) ENGINE=InnoDB DEFAULT CHARSET=utf8mb3;
/*!40101 SET character_set_client = @saved_cs_client */;

--
-- Dumping data for table `cargo`
--

LOCK TABLES `cargo` WRITE;
/*!40000 ALTER TABLE `cargo` DISABLE KEYS */;
INSERT INTO `cargo` VALUES (1,'Administrador'),(2,'Usuario'),(3,'Invitado');
/*!40000 ALTER TABLE `cargo` ENABLE KEYS */;
UNLOCK TABLES;

--
-- Table structure for table `cliente`
--

DROP TABLE IF EXISTS `cliente`;
/*!40101 SET @saved_cs_client     = @@character_set_client */;
/*!50503 SET character_set_client = utf8mb4 */;
CREATE TABLE `cliente` (
  `idcliente` int NOT NULL,
  `tipoDocumento` varchar(245) DEFAULT NULL,
  `nombre` varchar(250) NOT NULL,
  `telefono` varchar(13) NOT NULL,
  `correo` varchar(100) NOT NULL,
  `sexo2` int NOT NULL,
  `fecha_nacimiento` date NOT NULL,
  `direccion` varchar(45) NOT NULL,
  `condicion` tinyint NOT NULL,
  PRIMARY KEY (`idcliente`),
  KEY `sexo_idx` (`sexo2`),
  CONSTRAINT `sexo2` FOREIGN KEY (`sexo2`) REFERENCES `sexo` (`idsexo`)
) ENGINE=InnoDB DEFAULT CHARSET=utf8mb3;
/*!40101 SET character_set_client = @saved_cs_client */;

--
-- Dumping data for table `cliente`
--

LOCK TABLES `cliente` WRITE;
/*!40000 ALTER TABLE `cliente` DISABLE KEYS */;
/*!40000 ALTER TABLE `cliente` ENABLE KEYS */;
UNLOCK TABLES;

--
-- Table structure for table `detalle_factura_compra`
--

DROP TABLE IF EXISTS `detalle_factura_compra`;
/*!40101 SET @saved_cs_client     = @@character_set_client */;
/*!50503 SET character_set_client = utf8mb4 */;
CREATE TABLE `detalle_factura_compra` (
  `id_detalle_factura_compra` int NOT NULL,
  `id_fact-compra` int NOT NULL,
  `id_producto` int NOT NULL,
  `cantidad_comprado` int NOT NULL,
  `precio_unitario_compra` float NOT NULL,
  `precio_total_compra` float NOT NULL,
  PRIMARY KEY (`id_detalle_factura_compra`),
  KEY `id_producto_idx` (`id_producto`),
  CONSTRAINT `id_producto` FOREIGN KEY (`id_producto`) REFERENCES `producto` (`idproducto`) ON DELETE CASCADE ON UPDATE CASCADE
) ENGINE=InnoDB DEFAULT CHARSET=utf8mb3;
/*!40101 SET character_set_client = @saved_cs_client */;

--
-- Dumping data for table `detalle_factura_compra`
--

LOCK TABLES `detalle_factura_compra` WRITE;
/*!40000 ALTER TABLE `detalle_factura_compra` DISABLE KEYS */;
INSERT INTO `detalle_factura_compra` VALUES (6,4,3,5,0,0),(7,3,2,4,0,0),(8,1,4,3,0,0),(9,2,5,5,0,0);
/*!40000 ALTER TABLE `detalle_factura_compra` ENABLE KEYS */;
UNLOCK TABLES;
/*!50003 SET @saved_cs_client      = @@character_set_client */ ;
/*!50003 SET @saved_cs_results     = @@character_set_results */ ;
/*!50003 SET @saved_col_connection = @@collation_connection */ ;
/*!50003 SET character_set_client  = utf8mb4 */ ;
/*!50003 SET character_set_results = utf8mb4 */ ;
/*!50003 SET collation_connection  = utf8mb4_0900_ai_ci */ ;
/*!50003 SET @saved_sql_mode       = @@sql_mode */ ;
/*!50003 SET sql_mode              = 'ONLY_FULL_GROUP_BY,STRICT_TRANS_TABLES,NO_ZERO_IN_DATE,NO_ZERO_DATE,ERROR_FOR_DIVISION_BY_ZERO,NO_ENGINE_SUBSTITUTION' */ ;
DELIMITER ;;
/*!50003 CREATE*/ /*!50017 DEFINER=`root`@`localhost`*/ /*!50003 TRIGGER `atualizar_cantidad` AFTER INSERT ON `detalle_factura_compra` FOR EACH ROW begin 
update producto as p  set cantidad = p.cantidad + NEW.cantidad_comprado, p.precio = NEW.precio_unitario_compra + ( NEW.precio_unitario_compra*0.20 )
where NEW.id_producto= p.idproducto;
end */;;
DELIMITER ;
/*!50003 SET sql_mode              = @saved_sql_mode */ ;
/*!50003 SET character_set_client  = @saved_cs_client */ ;
/*!50003 SET character_set_results = @saved_cs_results */ ;
/*!50003 SET collation_connection  = @saved_col_connection */ ;

--
-- Table structure for table `factura`
--

DROP TABLE IF EXISTS `factura`;
/*!40101 SET @saved_cs_client     = @@character_set_client */;
/*!50503 SET character_set_client = utf8mb4 */;
CREATE TABLE `factura` (
  `idfactura` int NOT NULL,
  `fecha` datetime NOT NULL,
  `idcliente` int NOT NULL,
  `idusuario` int NOT NULL,
  `tipo_pago` varchar(100) NOT NULL,
  `impuesto` float NOT NULL,
  `total_pagar` float NOT NULL,
  `condicion` tinyint NOT NULL,
  PRIMARY KEY (`idfactura`)
) ENGINE=InnoDB DEFAULT CHARSET=utf8mb3;
/*!40101 SET character_set_client = @saved_cs_client */;

--
-- Dumping data for table `factura`
--

LOCK TABLES `factura` WRITE;
/*!40000 ALTER TABLE `factura` DISABLE KEYS */;
INSERT INTO `factura` VALUES (1231,'2023-01-12 00:00:00',1977408819,9999,'tarjeta',0.5,5000000,1),(4632,'2023-01-12 00:00:00',1079359917,8888,'efectivo',0.8,5000890,0),(6576,'2023-01-12 00:00:00',1977408819,9999,'tarjeta',0.4,2000000,1),(8765,'2023-01-12 00:00:00',1077480019,8888,'efectivo',0.1,1000000,1);
/*!40000 ALTER TABLE `factura` ENABLE KEYS */;
UNLOCK TABLES;

--
-- Table structure for table `factura_compra`
--

DROP TABLE IF EXISTS `factura_compra`;
/*!40101 SET @saved_cs_client     = @@character_set_client */;
/*!50503 SET character_set_client = utf8mb4 */;
CREATE TABLE `factura_compra` (
  `idfactura_compra` int NOT NULL AUTO_INCREMENT,
  `id_provedor` int NOT NULL,
  `id_usuario` int NOT NULL,
  `tipo_pago` varchar(245) NOT NULL,
  `descuento` float NOT NULL,
  `total_compra` float NOT NULL,
  `fecha_compra` date NOT NULL,
  PRIMARY KEY (`idfactura_compra`),
  KEY `id_peovedor_idx` (`id_provedor`),
  KEY `id_usuario_idx` (`id_usuario`),
  CONSTRAINT `id_peovedor` FOREIGN KEY (`id_provedor`) REFERENCES `provedor` (`idprovedor`),
  CONSTRAINT `id_usuario` FOREIGN KEY (`id_usuario`) REFERENCES `usuario` (`idusuario`) ON DELETE CASCADE ON UPDATE CASCADE
) ENGINE=InnoDB AUTO_INCREMENT=5 DEFAULT CHARSET=utf8mb3;
/*!40101 SET character_set_client = @saved_cs_client */;

--
-- Dumping data for table `factura_compra`
--

LOCK TABLES `factura_compra` WRITE;
/*!40000 ALTER TABLE `factura_compra` DISABLE KEYS */;
/*!40000 ALTER TABLE `factura_compra` ENABLE KEYS */;
UNLOCK TABLES;

--
-- Temporary view structure for view `mostrar_cargo`
--

DROP TABLE IF EXISTS `mostrar_cargo`;
/*!50001 DROP VIEW IF EXISTS `mostrar_cargo`*/;
SET @saved_cs_client     = @@character_set_client;
/*!50503 SET character_set_client = utf8mb4 */;
/*!50001 CREATE VIEW `mostrar_cargo` AS SELECT 
 1 AS `idcargo`,
 1 AS `nombre`*/;
SET character_set_client = @saved_cs_client;

--
-- Temporary view structure for view `mostrar_cliente1`
--

DROP TABLE IF EXISTS `mostrar_cliente1`;
/*!50001 DROP VIEW IF EXISTS `mostrar_cliente1`*/;
SET @saved_cs_client     = @@character_set_client;
/*!50503 SET character_set_client = utf8mb4 */;
/*!50001 CREATE VIEW `mostrar_cliente1` AS SELECT 
 1 AS `idcliente`,
 1 AS `tipoDocumento`,
 1 AS `nombre`,
 1 AS `telefono`,
 1 AS `correo`,
 1 AS `sexo`,
 1 AS `fecha`,
 1 AS `direccion`*/;
SET character_set_client = @saved_cs_client;

--
-- Temporary view structure for view `mostrar_provedor1`
--

DROP TABLE IF EXISTS `mostrar_provedor1`;
/*!50001 DROP VIEW IF EXISTS `mostrar_provedor1`*/;
SET @saved_cs_client     = @@character_set_client;
/*!50503 SET character_set_client = utf8mb4 */;
/*!50001 CREATE VIEW `mostrar_provedor1` AS SELECT 
 1 AS `idprovedor`,
 1 AS `tipoDocumento`,
 1 AS `nombre`,
 1 AS `cedula`,
 1 AS `tipoPersona`,
 1 AS `telefono`,
 1 AS `fecha`,
 1 AS `sexo`,
 1 AS `direccion`*/;
SET character_set_client = @saved_cs_client;

--
-- Temporary view structure for view `mostrar_sexo`
--

DROP TABLE IF EXISTS `mostrar_sexo`;
/*!50001 DROP VIEW IF EXISTS `mostrar_sexo`*/;
SET @saved_cs_client     = @@character_set_client;
/*!50503 SET character_set_client = utf8mb4 */;
/*!50001 CREATE VIEW `mostrar_sexo` AS SELECT 
 1 AS `idsexo`,
 1 AS `nombre`*/;
SET character_set_client = @saved_cs_client;

--
-- Temporary view structure for view `mostrar_usuario1`
--

DROP TABLE IF EXISTS `mostrar_usuario1`;
/*!50001 DROP VIEW IF EXISTS `mostrar_usuario1`*/;
SET @saved_cs_client     = @@character_set_client;
/*!50503 SET character_set_client = utf8mb4 */;
/*!50001 CREATE VIEW `mostrar_usuario1` AS SELECT 
 1 AS `idusuario`,
 1 AS `tipoDocumento`,
 1 AS `nombre`,
 1 AS `telefono`,
 1 AS `correo`,
 1 AS `direcion`,
 1 AS `sexo`,
 1 AS `fecha`,
 1 AS `rol`*/;
SET character_set_client = @saved_cs_client;

--
-- Table structure for table `producto`
--

DROP TABLE IF EXISTS `producto`;
/*!40101 SET @saved_cs_client     = @@character_set_client */;
/*!50503 SET character_set_client = utf8mb4 */;
CREATE TABLE `producto` (
  `idproducto` int NOT NULL AUTO_INCREMENT,
  `nombre` varchar(245) NOT NULL,
  `descripcion` varchar(250) NOT NULL,
  `cantidad` int NOT NULL,
  `imagen` varchar(250) DEFAULT NULL,
  `precio` float NOT NULL,
  `condicion` tinyint NOT NULL,
  PRIMARY KEY (`idproducto`)
) ENGINE=InnoDB AUTO_INCREMENT=7778 DEFAULT CHARSET=utf8mb3;
/*!40101 SET character_set_client = @saved_cs_client */;

--
-- Dumping data for table `producto`
--

LOCK TABLES `producto` WRITE;
/*!40000 ALTER TABLE `producto` DISABLE KEYS */;
INSERT INTO `producto` VALUES (1,'teclado','geymer',2,NULL,2000000,1),(2,'cpu','lg',3,NULL,3000000,1),(3,'maus','calble',4,NULL,5000000,1),(4,'audifonos','inalambrico',2,NULL,3000000,1),(5,'portatil','kalley',5,NULL,2000000,1);
/*!40000 ALTER TABLE `producto` ENABLE KEYS */;
UNLOCK TABLES;

--
-- Table structure for table `producto_factura`
--

DROP TABLE IF EXISTS `producto_factura`;
/*!40101 SET @saved_cs_client     = @@character_set_client */;
/*!50503 SET character_set_client = utf8mb4 */;
CREATE TABLE `producto_factura` (
  `idproducto_factura` int NOT NULL,
  `idproducto` int NOT NULL,
  `idfactura` int NOT NULL,
  `cantidad` int NOT NULL,
  `descuento` float NOT NULL,
  `total_venta` varchar(45) NOT NULL,
  `condicion` tinyint NOT NULL,
  PRIMARY KEY (`idproducto_factura`),
  KEY `idfactura_idx` (`idfactura`),
  KEY `idproducto_idx` (`idproducto`),
  CONSTRAINT `idfactura` FOREIGN KEY (`idfactura`) REFERENCES `factura` (`idfactura`) ON DELETE CASCADE ON UPDATE CASCADE,
  CONSTRAINT `idproducto` FOREIGN KEY (`idproducto`) REFERENCES `producto` (`idproducto`) ON DELETE CASCADE ON UPDATE CASCADE
) ENGINE=InnoDB DEFAULT CHARSET=utf8mb3;
/*!40101 SET character_set_client = @saved_cs_client */;

--
-- Dumping data for table `producto_factura`
--

LOCK TABLES `producto_factura` WRITE;
/*!40000 ALTER TABLE `producto_factura` DISABLE KEYS */;
INSERT INTO `producto_factura` VALUES (2210,3,4632,2,0.5,'9500000',1),(2211,4,8765,2,0.3,'5820000',1),(2231,1,1231,4,0.5,'3800000',1),(3342,2,1231,3,0.4,'25000000',1),(3452,1,4632,2,0.3,'19400000',1),(4421,3,6576,2,0.2,'9800000',1),(5521,4,8765,1,0.6,'2820000',1),(8934,2,1231,2,0.6,'16920000',1),(9333,2,6576,2,0.9,'16380000',1);
/*!40000 ALTER TABLE `producto_factura` ENABLE KEYS */;
UNLOCK TABLES;

--
-- Table structure for table `provedor`
--

DROP TABLE IF EXISTS `provedor`;
/*!40101 SET @saved_cs_client     = @@character_set_client */;
/*!50503 SET character_set_client = utf8mb4 */;
CREATE TABLE `provedor` (
  `idprovedor` int NOT NULL AUTO_INCREMENT,
  `nit` varchar(45) NOT NULL,
  `nombre` varchar(245) NOT NULL,
  `cedula` varchar(15) NOT NULL,
  `tipoPersona` int NOT NULL,
  `telefono` int NOT NULL,
  `fecha_nacimiento` date NOT NULL,
  `sexo1` int NOT NULL,
  `direccion` varchar(45) NOT NULL,
  `condiccion` tinyint NOT NULL,
  PRIMARY KEY (`idprovedor`),
  KEY `sexo_idx` (`sexo1`),
  KEY `tipo_persona_idx` (`tipoPersona`),
  CONSTRAINT `sexo1` FOREIGN KEY (`sexo1`) REFERENCES `sexo` (`idsexo`) ON DELETE CASCADE ON UPDATE CASCADE,
  CONSTRAINT `tipo_persona` FOREIGN KEY (`tipoPersona`) REFERENCES `tipo_provedor` (`idtipo_provedor`) ON DELETE CASCADE ON UPDATE CASCADE
) ENGINE=InnoDB AUTO_INCREMENT=11 DEFAULT CHARSET=utf8mb3;
/*!40101 SET character_set_client = @saved_cs_client */;

--
-- Dumping data for table `provedor`
--

LOCK TABLES `provedor` WRITE;
/*!40000 ALTER TABLE `provedor` DISABLE KEYS */;
/*!40000 ALTER TABLE `provedor` ENABLE KEYS */;
UNLOCK TABLES;

--
-- Table structure for table `sexo`
--

DROP TABLE IF EXISTS `sexo`;
/*!40101 SET @saved_cs_client     = @@character_set_client */;
/*!50503 SET character_set_client = utf8mb4 */;
CREATE TABLE `sexo` (
  `idsexo` int NOT NULL AUTO_INCREMENT,
  `nombre` varchar(245) NOT NULL,
  PRIMARY KEY (`idsexo`)
) ENGINE=InnoDB AUTO_INCREMENT=3 DEFAULT CHARSET=utf8mb3;
/*!40101 SET character_set_client = @saved_cs_client */;

--
-- Dumping data for table `sexo`
--

LOCK TABLES `sexo` WRITE;
/*!40000 ALTER TABLE `sexo` DISABLE KEYS */;
INSERT INTO `sexo` VALUES (1,'Masculino'),(2,'Femenino');
/*!40000 ALTER TABLE `sexo` ENABLE KEYS */;
UNLOCK TABLES;

--
-- Table structure for table `tipo_documento`
--

DROP TABLE IF EXISTS `tipo_documento`;
/*!40101 SET @saved_cs_client     = @@character_set_client */;
/*!50503 SET character_set_client = utf8mb4 */;
CREATE TABLE `tipo_documento` (
  `idTipo_documento` int NOT NULL AUTO_INCREMENT,
  `nombre` varchar(45) NOT NULL,
  PRIMARY KEY (`idTipo_documento`)
) ENGINE=InnoDB DEFAULT CHARSET=utf8mb3;
/*!40101 SET character_set_client = @saved_cs_client */;

--
-- Dumping data for table `tipo_documento`
--

LOCK TABLES `tipo_documento` WRITE;
/*!40000 ALTER TABLE `tipo_documento` DISABLE KEYS */;
/*!40000 ALTER TABLE `tipo_documento` ENABLE KEYS */;
UNLOCK TABLES;

--
-- Table structure for table `tipo_provedor`
--

DROP TABLE IF EXISTS `tipo_provedor`;
/*!40101 SET @saved_cs_client     = @@character_set_client */;
/*!50503 SET character_set_client = utf8mb4 */;
CREATE TABLE `tipo_provedor` (
  `idtipo_provedor` int NOT NULL AUTO_INCREMENT,
  `nombre` varchar(245) NOT NULL,
  PRIMARY KEY (`idtipo_provedor`)
) ENGINE=InnoDB AUTO_INCREMENT=3 DEFAULT CHARSET=utf8mb3;
/*!40101 SET character_set_client = @saved_cs_client */;

--
-- Dumping data for table `tipo_provedor`
--

LOCK TABLES `tipo_provedor` WRITE;
/*!40000 ALTER TABLE `tipo_provedor` DISABLE KEYS */;
INSERT INTO `tipo_provedor` VALUES (1,'Natural'),(2,'Juridica');
/*!40000 ALTER TABLE `tipo_provedor` ENABLE KEYS */;
UNLOCK TABLES;

--
-- Table structure for table `usuario`
--

DROP TABLE IF EXISTS `usuario`;
/*!40101 SET @saved_cs_client     = @@character_set_client */;
/*!50503 SET character_set_client = utf8mb4 */;
CREATE TABLE `usuario` (
  `idusuario` int NOT NULL,
  `tipoDocumento` varchar(245) NOT NULL,
  `nombre` varchar(250) NOT NULL,
  `telefono` varchar(13) NOT NULL,
  `correo` varchar(100) NOT NULL,
  `direcion` varchar(45) NOT NULL,
  `sexo` int NOT NULL,
  `fecha_nacimiento` date NOT NULL,
  `cargo` int NOT NULL,
  `login` varchar(100) NOT NULL,
  `contrasena` varchar(45) NOT NULL,
  `condicion` tinyint NOT NULL,
  PRIMARY KEY (`idusuario`),
  KEY `sexo_idx` (`sexo`),
  KEY `cargo_idx` (`cargo`),
  CONSTRAINT `cargo` FOREIGN KEY (`cargo`) REFERENCES `cargo` (`idcargo`) ON DELETE CASCADE ON UPDATE CASCADE,
  CONSTRAINT `sexo` FOREIGN KEY (`sexo`) REFERENCES `sexo` (`idsexo`) ON DELETE CASCADE ON UPDATE CASCADE
) ENGINE=InnoDB DEFAULT CHARSET=utf8mb3;
/*!40101 SET character_set_client = @saved_cs_client */;

--
-- Dumping data for table `usuario`
--

LOCK TABLES `usuario` WRITE;
/*!40000 ALTER TABLE `usuario` DISABLE KEYS */;
INSERT INTO `usuario` VALUES (123,'','edwar','332422444','@','22-22-22',1,'2023-01-22',1,'321','321',1),(1001,'','carlos','2332','sena@','centro',2,'2002-03-02',1,'123','123',1),(121313,'','edw','1233567','edw@','lass',1,'2022-02-02',1,'4444','4444',1),(2323232,'','edw','1232322123','edw@','12-21-21',1,'2023-08-09',1,'1212','1212',1),(12233455,'','EDW','23455678','edw@','centro',1,'2023-01-12',1,'1212','1212',1);
/*!40000 ALTER TABLE `usuario` ENABLE KEYS */;
UNLOCK TABLES;

--
-- Dumping routines for database 'tiendacom'
--
/*!50003 DROP PROCEDURE IF EXISTS `clic` */;
/*!50003 SET @saved_cs_client      = @@character_set_client */ ;
/*!50003 SET @saved_cs_results     = @@character_set_results */ ;
/*!50003 SET @saved_col_connection = @@collation_connection */ ;
/*!50003 SET character_set_client  = utf8mb4 */ ;
/*!50003 SET character_set_results = utf8mb4 */ ;
/*!50003 SET collation_connection  = utf8mb4_0900_ai_ci */ ;
/*!50003 SET @saved_sql_mode       = @@sql_mode */ ;
/*!50003 SET sql_mode              = 'ONLY_FULL_GROUP_BY,STRICT_TRANS_TABLES,NO_ZERO_IN_DATE,NO_ZERO_DATE,ERROR_FOR_DIVISION_BY_ZERO,NO_ENGINE_SUBSTITUTION' */ ;
DELIMITER ;;
CREATE DEFINER=`root`@`localhost` PROCEDURE `clic`(in nom varchar(250),in tel int,in corre varchar(100),in sex int,fech date,in direc varchar(45))
BEGIN
insert into cliente  value (nom,tel,corre,sex,fech,direc);
END ;;
DELIMITER ;
/*!50003 SET sql_mode              = @saved_sql_mode */ ;
/*!50003 SET character_set_client  = @saved_cs_client */ ;
/*!50003 SET character_set_results = @saved_cs_results */ ;
/*!50003 SET collation_connection  = @saved_col_connection */ ;
/*!50003 DROP PROCEDURE IF EXISTS `consul_cliente1` */;
/*!50003 SET @saved_cs_client      = @@character_set_client */ ;
/*!50003 SET @saved_cs_results     = @@character_set_results */ ;
/*!50003 SET @saved_col_connection = @@collation_connection */ ;
/*!50003 SET character_set_client  = utf8mb4 */ ;
/*!50003 SET character_set_results = utf8mb4 */ ;
/*!50003 SET collation_connection  = utf8mb4_0900_ai_ci */ ;
/*!50003 SET @saved_sql_mode       = @@sql_mode */ ;
/*!50003 SET sql_mode              = 'ONLY_FULL_GROUP_BY,STRICT_TRANS_TABLES,NO_ZERO_IN_DATE,NO_ZERO_DATE,ERROR_FOR_DIVISION_BY_ZERO,NO_ENGINE_SUBSTITUTION' */ ;
DELIMITER ;;
CREATE DEFINER=`root`@`localhost` PROCEDURE `consul_cliente1`(in valor varchar (45))
BEGIN
select * from mostrar_cliente1 where idusuario like concat('%',valor,'%')   
|| Tipodocumento like concat('%',valor,'%') || nombre like concat('%',valor,'%') 
|| telefono like concat('%',valor,'%') || correo  like concat('%',valor,'%')
 || nombre like concat('%',valor,'%') || fecha_nacimiento like concat('%',valor,'%') 
 || direccion  like concat('%',valor,'%') ;
END ;;
DELIMITER ;
/*!50003 SET sql_mode              = @saved_sql_mode */ ;
/*!50003 SET character_set_client  = @saved_cs_client */ ;
/*!50003 SET character_set_results = @saved_cs_results */ ;
/*!50003 SET collation_connection  = @saved_col_connection */ ;
/*!50003 DROP PROCEDURE IF EXISTS `consul_provedor` */;
/*!50003 SET @saved_cs_client      = @@character_set_client */ ;
/*!50003 SET @saved_cs_results     = @@character_set_results */ ;
/*!50003 SET @saved_col_connection = @@collation_connection */ ;
/*!50003 SET character_set_client  = utf8mb4 */ ;
/*!50003 SET character_set_results = utf8mb4 */ ;
/*!50003 SET collation_connection  = utf8mb4_0900_ai_ci */ ;
/*!50003 SET @saved_sql_mode       = @@sql_mode */ ;
/*!50003 SET sql_mode              = 'ONLY_FULL_GROUP_BY,STRICT_TRANS_TABLES,NO_ZERO_IN_DATE,NO_ZERO_DATE,ERROR_FOR_DIVISION_BY_ZERO,NO_ENGINE_SUBSTITUTION' */ ;
DELIMITER ;;
CREATE DEFINER=`root`@`localhost` PROCEDURE `consul_provedor`(in valor varchar(45))
BEGIN
select * from mostrar_provedor1 where idusuario like concat('%',valor,'%') || nit like concat('%',valor,'%')   
|| nombre like concat('%',valor,'%') || cedula like concat('%',valor,'%') 
|| tipoPersona like concat('%',valor,'%') || telefono  like concat('%',valor,'%')
 || fecha_nacimiento like concat('%',valor,'%') || nombre like concat('%',valor,'%') 
 || direccion like concat('%',valor,'%');

END ;;
DELIMITER ;
/*!50003 SET sql_mode              = @saved_sql_mode */ ;
/*!50003 SET character_set_client  = @saved_cs_client */ ;
/*!50003 SET character_set_results = @saved_cs_results */ ;
/*!50003 SET collation_connection  = @saved_col_connection */ ;
/*!50003 DROP PROCEDURE IF EXISTS `consul_usuario` */;
/*!50003 SET @saved_cs_client      = @@character_set_client */ ;
/*!50003 SET @saved_cs_results     = @@character_set_results */ ;
/*!50003 SET @saved_col_connection = @@collation_connection */ ;
/*!50003 SET character_set_client  = utf8mb4 */ ;
/*!50003 SET character_set_results = utf8mb4 */ ;
/*!50003 SET collation_connection  = utf8mb4_0900_ai_ci */ ;
/*!50003 SET @saved_sql_mode       = @@sql_mode */ ;
/*!50003 SET sql_mode              = 'ONLY_FULL_GROUP_BY,STRICT_TRANS_TABLES,NO_ZERO_IN_DATE,NO_ZERO_DATE,ERROR_FOR_DIVISION_BY_ZERO,NO_ENGINE_SUBSTITUTION' */ ;
DELIMITER ;;
CREATE DEFINER=`root`@`localhost` PROCEDURE `consul_usuario`(in valor varchar(45))
BEGIN
select * from mostrar_usuario1 where idusuario like concat('%',valor,'%')   
|| Tipodocumento like concat('%',valor,'%') || nombre like concat('%',valor,'%') 
|| telefono like concat('%',valor,'%') || correo  like concat('%',valor,'%')
 || direcion like concat('%',valor,'%') || nombre like concat('%',valor,'%') 
 || fecha_nacimiento like concat('%',valor,'%') || nombre like concat('%',valor,'%');
END ;;
DELIMITER ;
/*!50003 SET sql_mode              = @saved_sql_mode */ ;
/*!50003 SET character_set_client  = @saved_cs_client */ ;
/*!50003 SET character_set_results = @saved_cs_results */ ;
/*!50003 SET collation_connection  = @saved_col_connection */ ;
/*!50003 DROP PROCEDURE IF EXISTS `de_fac_compra` */;
/*!50003 SET @saved_cs_client      = @@character_set_client */ ;
/*!50003 SET @saved_cs_results     = @@character_set_results */ ;
/*!50003 SET @saved_col_connection = @@collation_connection */ ;
/*!50003 SET character_set_client  = utf8mb4 */ ;
/*!50003 SET character_set_results = utf8mb4 */ ;
/*!50003 SET collation_connection  = utf8mb4_0900_ai_ci */ ;
/*!50003 SET @saved_sql_mode       = @@sql_mode */ ;
/*!50003 SET sql_mode              = 'ONLY_FULL_GROUP_BY,STRICT_TRANS_TABLES,NO_ZERO_IN_DATE,NO_ZERO_DATE,ERROR_FOR_DIVISION_BY_ZERO,NO_ENGINE_SUBSTITUTION' */ ;
DELIMITER ;;
CREATE DEFINER=`root`@`localhost` PROCEDURE `de_fac_compra`(in id_de_fac_comp int,in id_fact_comp int,in id_produc int,in canti_compra int)
BEGIN
insert into detalle_factura_compra value (id_de_fac_comp,id_fact_comp,id_produc,canti_compra,'0','0');
END ;;
DELIMITER ;
/*!50003 SET sql_mode              = @saved_sql_mode */ ;
/*!50003 SET character_set_client  = @saved_cs_client */ ;
/*!50003 SET character_set_results = @saved_cs_results */ ;
/*!50003 SET collation_connection  = @saved_col_connection */ ;
/*!50003 DROP PROCEDURE IF EXISTS `fac_compra` */;
/*!50003 SET @saved_cs_client      = @@character_set_client */ ;
/*!50003 SET @saved_cs_results     = @@character_set_results */ ;
/*!50003 SET @saved_col_connection = @@collation_connection */ ;
/*!50003 SET character_set_client  = utf8mb4 */ ;
/*!50003 SET character_set_results = utf8mb4 */ ;
/*!50003 SET collation_connection  = utf8mb4_0900_ai_ci */ ;
/*!50003 SET @saved_sql_mode       = @@sql_mode */ ;
/*!50003 SET sql_mode              = 'ONLY_FULL_GROUP_BY,STRICT_TRANS_TABLES,NO_ZERO_IN_DATE,NO_ZERO_DATE,ERROR_FOR_DIVISION_BY_ZERO,NO_ENGINE_SUBSTITUTION' */ ;
DELIMITER ;;
CREATE DEFINER=`root`@`localhost` PROCEDURE `fac_compra`(in id_prove int,in id_usuari int,in ti_pago varchar(245),in des float)
BEGIN
insert into factura_compra value (idfactura_compra,id_prove,id_usuari,ti_pago,des,'0',current_date());
END ;;
DELIMITER ;
/*!50003 SET sql_mode              = @saved_sql_mode */ ;
/*!50003 SET character_set_client  = @saved_cs_client */ ;
/*!50003 SET character_set_results = @saved_cs_results */ ;
/*!50003 SET collation_connection  = @saved_col_connection */ ;
/*!50003 DROP PROCEDURE IF EXISTS `ingreso` */;
/*!50003 SET @saved_cs_client      = @@character_set_client */ ;
/*!50003 SET @saved_cs_results     = @@character_set_results */ ;
/*!50003 SET @saved_col_connection = @@collation_connection */ ;
/*!50003 SET character_set_client  = utf8mb4 */ ;
/*!50003 SET character_set_results = utf8mb4 */ ;
/*!50003 SET collation_connection  = utf8mb4_0900_ai_ci */ ;
/*!50003 SET @saved_sql_mode       = @@sql_mode */ ;
/*!50003 SET sql_mode              = 'ONLY_FULL_GROUP_BY,STRICT_TRANS_TABLES,NO_ZERO_IN_DATE,NO_ZERO_DATE,ERROR_FOR_DIVISION_BY_ZERO,NO_ENGINE_SUBSTITUTION' */ ;
DELIMITER ;;
CREATE DEFINER=`root`@`localhost` PROCEDURE `ingreso`(in log varchar(100), in contra varchar(45))
BEGIN
select login, contrasena from usuario where login= log && clave=contra && condicion = '1';
END ;;
DELIMITER ;
/*!50003 SET sql_mode              = @saved_sql_mode */ ;
/*!50003 SET character_set_client  = @saved_cs_client */ ;
/*!50003 SET character_set_results = @saved_cs_results */ ;
/*!50003 SET collation_connection  = @saved_col_connection */ ;
/*!50003 DROP PROCEDURE IF EXISTS `ins_ingreso` */;
/*!50003 SET @saved_cs_client      = @@character_set_client */ ;
/*!50003 SET @saved_cs_results     = @@character_set_results */ ;
/*!50003 SET @saved_col_connection = @@collation_connection */ ;
/*!50003 SET character_set_client  = utf8mb4 */ ;
/*!50003 SET character_set_results = utf8mb4 */ ;
/*!50003 SET collation_connection  = utf8mb4_0900_ai_ci */ ;
/*!50003 SET @saved_sql_mode       = @@sql_mode */ ;
/*!50003 SET sql_mode              = 'ONLY_FULL_GROUP_BY,STRICT_TRANS_TABLES,NO_ZERO_IN_DATE,NO_ZERO_DATE,ERROR_FOR_DIVISION_BY_ZERO,NO_ENGINE_SUBSTITUTION' */ ;
DELIMITER ;;
CREATE DEFINER=`root`@`localhost` PROCEDURE `ins_ingreso`(in log varchar(100), in contra varchar(45))
BEGIN
select login, contrasena from usuario where login= log && contrasena=contra && condicion = '1';
END ;;
DELIMITER ;
/*!50003 SET sql_mode              = @saved_sql_mode */ ;
/*!50003 SET character_set_client  = @saved_cs_client */ ;
/*!50003 SET character_set_results = @saved_cs_results */ ;
/*!50003 SET collation_connection  = @saved_col_connection */ ;
/*!50003 DROP PROCEDURE IF EXISTS `ins_usuario` */;
/*!50003 SET @saved_cs_client      = @@character_set_client */ ;
/*!50003 SET @saved_cs_results     = @@character_set_results */ ;
/*!50003 SET @saved_col_connection = @@collation_connection */ ;
/*!50003 SET character_set_client  = utf8mb4 */ ;
/*!50003 SET character_set_results = utf8mb4 */ ;
/*!50003 SET collation_connection  = utf8mb4_0900_ai_ci */ ;
/*!50003 SET @saved_sql_mode       = @@sql_mode */ ;
/*!50003 SET sql_mode              = 'ONLY_FULL_GROUP_BY,STRICT_TRANS_TABLES,NO_ZERO_IN_DATE,NO_ZERO_DATE,ERROR_FOR_DIVISION_BY_ZERO,NO_ENGINE_SUBSTITUTION' */ ;
DELIMITER ;;
CREATE DEFINER=`root`@`localhost` PROCEDURE `ins_usuario`(in usu int,in nom varchar(250), in tell varchar(15),in corr varchar(100),in direc varchar(45),in sex int,in fech date,in carg int, in log varchar(100), in contra varchar(45))
BEGIN
insert into usuario (idusuario,nombre,telefono,correo,direcion,sexo,fecha_nacimiento,cargo,login,contrasena,condicion) value (usu,nom,tell,corr,direc,sex,fech,carg,log,contra,'1');
END ;;
DELIMITER ;
/*!50003 SET sql_mode              = @saved_sql_mode */ ;
/*!50003 SET character_set_client  = @saved_cs_client */ ;
/*!50003 SET character_set_results = @saved_cs_results */ ;
/*!50003 SET collation_connection  = @saved_col_connection */ ;
/*!50003 DROP PROCEDURE IF EXISTS `in_fact` */;
/*!50003 SET @saved_cs_client      = @@character_set_client */ ;
/*!50003 SET @saved_cs_results     = @@character_set_results */ ;
/*!50003 SET @saved_col_connection = @@collation_connection */ ;
/*!50003 SET character_set_client  = utf8mb4 */ ;
/*!50003 SET character_set_results = utf8mb4 */ ;
/*!50003 SET collation_connection  = utf8mb4_0900_ai_ci */ ;
/*!50003 SET @saved_sql_mode       = @@sql_mode */ ;
/*!50003 SET sql_mode              = 'ONLY_FULL_GROUP_BY,STRICT_TRANS_TABLES,NO_ZERO_IN_DATE,NO_ZERO_DATE,ERROR_FOR_DIVISION_BY_ZERO,NO_ENGINE_SUBSTITUTION' */ ;
DELIMITER ;;
CREATE DEFINER=`root`@`localhost` PROCEDURE `in_fact`(in idfac int,in id_cli int,in id_usu int,tipo_pag varchar(100) )
BEGIN
insert into factura (idfactura,fecha,idcliente,idusuario,tipo_pago,impuesto,total_pagar,condicion)value (idfac,current_timestamp(),id_cli,id_usu,tipo-pag,'0','0','1');
END ;;
DELIMITER ;
/*!50003 SET sql_mode              = @saved_sql_mode */ ;
/*!50003 SET character_set_client  = @saved_cs_client */ ;
/*!50003 SET character_set_results = @saved_cs_results */ ;
/*!50003 SET collation_connection  = @saved_col_connection */ ;
/*!50003 DROP PROCEDURE IF EXISTS `in_ingreso` */;
/*!50003 SET @saved_cs_client      = @@character_set_client */ ;
/*!50003 SET @saved_cs_results     = @@character_set_results */ ;
/*!50003 SET @saved_col_connection = @@collation_connection */ ;
/*!50003 SET character_set_client  = utf8mb4 */ ;
/*!50003 SET character_set_results = utf8mb4 */ ;
/*!50003 SET collation_connection  = utf8mb4_0900_ai_ci */ ;
/*!50003 SET @saved_sql_mode       = @@sql_mode */ ;
/*!50003 SET sql_mode              = 'ONLY_FULL_GROUP_BY,STRICT_TRANS_TABLES,NO_ZERO_IN_DATE,NO_ZERO_DATE,ERROR_FOR_DIVISION_BY_ZERO,NO_ENGINE_SUBSTITUTION' */ ;
DELIMITER ;;
CREATE DEFINER=`root`@`localhost` PROCEDURE `in_ingreso`(in log varchar(100), in contra varchar(45))
BEGIN
select usuario , contrasena from usuario where login = log && clave=contra && condicion = '1';
END ;;
DELIMITER ;
/*!50003 SET sql_mode              = @saved_sql_mode */ ;
/*!50003 SET character_set_client  = @saved_cs_client */ ;
/*!50003 SET character_set_results = @saved_cs_results */ ;
/*!50003 SET collation_connection  = @saved_col_connection */ ;
/*!50003 DROP PROCEDURE IF EXISTS `in_produc` */;
/*!50003 SET @saved_cs_client      = @@character_set_client */ ;
/*!50003 SET @saved_cs_results     = @@character_set_results */ ;
/*!50003 SET @saved_col_connection = @@collation_connection */ ;
/*!50003 SET character_set_client  = utf8mb4 */ ;
/*!50003 SET character_set_results = utf8mb4 */ ;
/*!50003 SET collation_connection  = utf8mb4_0900_ai_ci */ ;
/*!50003 SET @saved_sql_mode       = @@sql_mode */ ;
/*!50003 SET sql_mode              = 'ONLY_FULL_GROUP_BY,STRICT_TRANS_TABLES,NO_ZERO_IN_DATE,NO_ZERO_DATE,ERROR_FOR_DIVISION_BY_ZERO,NO_ENGINE_SUBSTITUTION' */ ;
DELIMITER ;;
CREATE DEFINER=`root`@`localhost` PROCEDURE `in_produc`(in nom varchar(245),in descrip varchar(250),in imag varchar(250))
BEGIN
insert into producto (nombre,descripcion,cantidad,imagen,precio, condicion) value(nom,descrip,'0','imagen','0','1' );
END ;;
DELIMITER ;
/*!50003 SET sql_mode              = @saved_sql_mode */ ;
/*!50003 SET character_set_client  = @saved_cs_client */ ;
/*!50003 SET character_set_results = @saved_cs_results */ ;
/*!50003 SET collation_connection  = @saved_col_connection */ ;
/*!50003 DROP PROCEDURE IF EXISTS `in_provedor` */;
/*!50003 SET @saved_cs_client      = @@character_set_client */ ;
/*!50003 SET @saved_cs_results     = @@character_set_results */ ;
/*!50003 SET @saved_col_connection = @@collation_connection */ ;
/*!50003 SET character_set_client  = utf8mb4 */ ;
/*!50003 SET character_set_results = utf8mb4 */ ;
/*!50003 SET collation_connection  = utf8mb4_0900_ai_ci */ ;
/*!50003 SET @saved_sql_mode       = @@sql_mode */ ;
/*!50003 SET sql_mode              = 'ONLY_FULL_GROUP_BY,STRICT_TRANS_TABLES,NO_ZERO_IN_DATE,NO_ZERO_DATE,ERROR_FOR_DIVISION_BY_ZERO,NO_ENGINE_SUBSTITUTION' */ ;
DELIMITER ;;
CREATE DEFINER=`root`@`localhost` PROCEDURE `in_provedor`(in nom varchar(245),in cedu varchar(15), in tipo_per varchar(245),in tell int,in fecha date,in sex int,in direc varchar(45))
BEGIN
insert into provedor values (idprovedor,nom,cedu,tipo_per,tell,fecha, sex ,direc,'1');
END ;;
DELIMITER ;
/*!50003 SET sql_mode              = @saved_sql_mode */ ;
/*!50003 SET character_set_client  = @saved_cs_client */ ;
/*!50003 SET character_set_results = @saved_cs_results */ ;
/*!50003 SET collation_connection  = @saved_col_connection */ ;
/*!50003 DROP PROCEDURE IF EXISTS `in_usuario` */;
/*!50003 SET @saved_cs_client      = @@character_set_client */ ;
/*!50003 SET @saved_cs_results     = @@character_set_results */ ;
/*!50003 SET @saved_col_connection = @@collation_connection */ ;
/*!50003 SET character_set_client  = utf8mb4 */ ;
/*!50003 SET character_set_results = utf8mb4 */ ;
/*!50003 SET collation_connection  = utf8mb4_0900_ai_ci */ ;
/*!50003 SET @saved_sql_mode       = @@sql_mode */ ;
/*!50003 SET sql_mode              = 'ONLY_FULL_GROUP_BY,STRICT_TRANS_TABLES,NO_ZERO_IN_DATE,NO_ZERO_DATE,ERROR_FOR_DIVISION_BY_ZERO,NO_ENGINE_SUBSTITUTION' */ ;
DELIMITER ;;
CREATE DEFINER=`root`@`localhost` PROCEDURE `in_usuario`(in usu int,in nom varchar(250), in tell varchar(15),in corr varchar(100),in direc varchar(45),in sex int,in fech date,in carg int, in log varchar(100), in contra varchar(45))
BEGIN
insert into usuario (idusuario,nombre,telefono,correo,direcion,sexo,fecha_nacimiento,cargo,login,contrasena,condicion) value (usu,nom,tell,corr,direc,sex,fech,carg,log,contra,'1');
END ;;
DELIMITER ;
/*!50003 SET sql_mode              = @saved_sql_mode */ ;
/*!50003 SET character_set_client  = @saved_cs_client */ ;
/*!50003 SET character_set_results = @saved_cs_results */ ;
/*!50003 SET collation_connection  = @saved_col_connection */ ;
/*!50003 DROP PROCEDURE IF EXISTS `mostrar_usuario` */;
/*!50003 SET @saved_cs_client      = @@character_set_client */ ;
/*!50003 SET @saved_cs_results     = @@character_set_results */ ;
/*!50003 SET @saved_col_connection = @@collation_connection */ ;
/*!50003 SET character_set_client  = utf8mb4 */ ;
/*!50003 SET character_set_results = utf8mb4 */ ;
/*!50003 SET collation_connection  = utf8mb4_0900_ai_ci */ ;
/*!50003 SET @saved_sql_mode       = @@sql_mode */ ;
/*!50003 SET sql_mode              = 'ONLY_FULL_GROUP_BY,STRICT_TRANS_TABLES,NO_ZERO_IN_DATE,NO_ZERO_DATE,ERROR_FOR_DIVISION_BY_ZERO,NO_ENGINE_SUBSTITUTION' */ ;
DELIMITER ;;
CREATE DEFINER=`root`@`localhost` PROCEDURE `mostrar_usuario`(in valor varchar(245))
BEGIN
select * from mostrar_usuario;
END ;;
DELIMITER ;
/*!50003 SET sql_mode              = @saved_sql_mode */ ;
/*!50003 SET character_set_client  = @saved_cs_client */ ;
/*!50003 SET character_set_results = @saved_cs_results */ ;
/*!50003 SET collation_connection  = @saved_col_connection */ ;
/*!50003 DROP PROCEDURE IF EXISTS `proc_factura` */;
/*!50003 SET @saved_cs_client      = @@character_set_client */ ;
/*!50003 SET @saved_cs_results     = @@character_set_results */ ;
/*!50003 SET @saved_col_connection = @@collation_connection */ ;
/*!50003 SET character_set_client  = utf8mb4 */ ;
/*!50003 SET character_set_results = utf8mb4 */ ;
/*!50003 SET collation_connection  = utf8mb4_0900_ai_ci */ ;
/*!50003 SET @saved_sql_mode       = @@sql_mode */ ;
/*!50003 SET sql_mode              = 'ONLY_FULL_GROUP_BY,STRICT_TRANS_TABLES,NO_ZERO_IN_DATE,NO_ZERO_DATE,ERROR_FOR_DIVISION_BY_ZERO,NO_ENGINE_SUBSTITUTION' */ ;
DELIMITER ;;
CREATE DEFINER=`root`@`localhost` PROCEDURE `proc_factura`(in id_produc int,in id_fac int,in canti int,in des float,total_ven float)
BEGIN
insert into produc_factura value (idproducto_factura,id_produc,id_fac,canti,des,total_ven,'1');
END ;;
DELIMITER ;
/*!50003 SET sql_mode              = @saved_sql_mode */ ;
/*!50003 SET character_set_client  = @saved_cs_client */ ;
/*!50003 SET character_set_results = @saved_cs_results */ ;
/*!50003 SET collation_connection  = @saved_col_connection */ ;
/*!50003 DROP PROCEDURE IF EXISTS `usuario` */;
/*!50003 SET @saved_cs_client      = @@character_set_client */ ;
/*!50003 SET @saved_cs_results     = @@character_set_results */ ;
/*!50003 SET @saved_col_connection = @@collation_connection */ ;
/*!50003 SET character_set_client  = utf8mb4 */ ;
/*!50003 SET character_set_results = utf8mb4 */ ;
/*!50003 SET collation_connection  = utf8mb4_0900_ai_ci */ ;
/*!50003 SET @saved_sql_mode       = @@sql_mode */ ;
/*!50003 SET sql_mode              = 'ONLY_FULL_GROUP_BY,STRICT_TRANS_TABLES,NO_ZERO_IN_DATE,NO_ZERO_DATE,ERROR_FOR_DIVISION_BY_ZERO,NO_ENGINE_SUBSTITUTION' */ ;
DELIMITER ;;
CREATE DEFINER=`root`@`localhost` PROCEDURE `usuario`(in id_usu int,in nom varchar(250), in tell varchar(15),in corr varchar(100),in direc varchar(45),in sex int,in fech date,in carg int, in log varchar(100), in contra varchar(45))
BEGIN
insert into usuario (idusuario,nombre,telefono,correo,direcion,sexo,fecha_nacimiento,cargo,login,contrasena,condicion) value (id_usu,nom,tell,corr,direc,sex,fech,carg,log,contra,'1');
END ;;
DELIMITER ;
/*!50003 SET sql_mode              = @saved_sql_mode */ ;
/*!50003 SET character_set_client  = @saved_cs_client */ ;
/*!50003 SET character_set_results = @saved_cs_results */ ;
/*!50003 SET collation_connection  = @saved_col_connection */ ;
/*!50003 DROP PROCEDURE IF EXISTS `´in_provedor´` */;
/*!50003 SET @saved_cs_client      = @@character_set_client */ ;
/*!50003 SET @saved_cs_results     = @@character_set_results */ ;
/*!50003 SET @saved_col_connection = @@collation_connection */ ;
/*!50003 SET character_set_client  = utf8mb4 */ ;
/*!50003 SET character_set_results = utf8mb4 */ ;
/*!50003 SET collation_connection  = utf8mb4_0900_ai_ci */ ;
/*!50003 SET @saved_sql_mode       = @@sql_mode */ ;
/*!50003 SET sql_mode              = 'ONLY_FULL_GROUP_BY,STRICT_TRANS_TABLES,NO_ZERO_IN_DATE,NO_ZERO_DATE,ERROR_FOR_DIVISION_BY_ZERO,NO_ENGINE_SUBSTITUTION' */ ;
DELIMITER ;;
CREATE DEFINER=`root`@`localhost` PROCEDURE `´in_provedor´`(in nom varchar(245),in cedu varchar(15), in tipo_per varchar(245),in tell int)
BEGIN
insert into provedor values (nom,cedu,tipo_per,tell,direc,'1',nitt);
END ;;
DELIMITER ;
/*!50003 SET sql_mode              = @saved_sql_mode */ ;
/*!50003 SET character_set_client  = @saved_cs_client */ ;
/*!50003 SET character_set_results = @saved_cs_results */ ;
/*!50003 SET collation_connection  = @saved_col_connection */ ;

--
-- Final view structure for view `mostrar_cargo`
--

/*!50001 DROP VIEW IF EXISTS `mostrar_cargo`*/;
/*!50001 SET @saved_cs_client          = @@character_set_client */;
/*!50001 SET @saved_cs_results         = @@character_set_results */;
/*!50001 SET @saved_col_connection     = @@collation_connection */;
/*!50001 SET character_set_client      = utf8mb4 */;
/*!50001 SET character_set_results     = utf8mb4 */;
/*!50001 SET collation_connection      = utf8mb4_0900_ai_ci */;
/*!50001 CREATE ALGORITHM=UNDEFINED */
/*!50013 DEFINER=`root`@`localhost` SQL SECURITY DEFINER */
/*!50001 VIEW `mostrar_cargo` AS select `cargo`.`idcargo` AS `idcargo`,`cargo`.`nombre` AS `nombre` from `cargo` where (0 <> '1') */;
/*!50001 SET character_set_client      = @saved_cs_client */;
/*!50001 SET character_set_results     = @saved_cs_results */;
/*!50001 SET collation_connection      = @saved_col_connection */;

--
-- Final view structure for view `mostrar_cliente1`
--

/*!50001 DROP VIEW IF EXISTS `mostrar_cliente1`*/;
/*!50001 SET @saved_cs_client          = @@character_set_client */;
/*!50001 SET @saved_cs_results         = @@character_set_results */;
/*!50001 SET @saved_col_connection     = @@collation_connection */;
/*!50001 SET character_set_client      = utf8mb4 */;
/*!50001 SET character_set_results     = utf8mb4 */;
/*!50001 SET collation_connection      = utf8mb4_0900_ai_ci */;
/*!50001 CREATE ALGORITHM=UNDEFINED */
/*!50013 DEFINER=`root`@`localhost` SQL SECURITY DEFINER */
/*!50001 VIEW `mostrar_cliente1` AS select `u`.`idcliente` AS `idcliente`,`u`.`tipoDocumento` AS `tipoDocumento`,`u`.`nombre` AS `nombre`,`u`.`telefono` AS `telefono`,`u`.`correo` AS `correo`,`s`.`nombre` AS `sexo`,`u`.`fecha_nacimiento` AS `fecha`,`u`.`direccion` AS `direccion` from ((`cliente` `u` join `tipo_documento` `t` on((`t`.`idTipo_documento` = `u`.`tipoDocumento`))) join `sexo` `s` on((`s`.`idsexo` = `s`.`nombre`))) where (`u`.`condicion` = '1') */;
/*!50001 SET character_set_client      = @saved_cs_client */;
/*!50001 SET character_set_results     = @saved_cs_results */;
/*!50001 SET collation_connection      = @saved_col_connection */;

--
-- Final view structure for view `mostrar_provedor1`
--

/*!50001 DROP VIEW IF EXISTS `mostrar_provedor1`*/;
/*!50001 SET @saved_cs_client          = @@character_set_client */;
/*!50001 SET @saved_cs_results         = @@character_set_results */;
/*!50001 SET @saved_col_connection     = @@collation_connection */;
/*!50001 SET character_set_client      = utf8mb4 */;
/*!50001 SET character_set_results     = utf8mb4 */;
/*!50001 SET collation_connection      = utf8mb4_0900_ai_ci */;
/*!50001 CREATE ALGORITHM=UNDEFINED */
/*!50013 DEFINER=`root`@`localhost` SQL SECURITY DEFINER */
/*!50001 VIEW `mostrar_provedor1` AS select `p`.`idprovedor` AS `idprovedor`,`p`.`nit` AS `tipoDocumento`,`p`.`nombre` AS `nombre`,`p`.`cedula` AS `cedula`,`p`.`tipoPersona` AS `tipoPersona`,`p`.`telefono` AS `telefono`,`p`.`fecha_nacimiento` AS `fecha`,`s`.`nombre` AS `sexo`,`p`.`direccion` AS `direccion` from ((`provedor` `p` join `tipo_documento` `t` on((`t`.`idTipo_documento` = `p`.`nit`))) join `sexo` `s` on((`s`.`idsexo` = `s`.`nombre`))) where (`p`.`condiccion` = '1') */;
/*!50001 SET character_set_client      = @saved_cs_client */;
/*!50001 SET character_set_results     = @saved_cs_results */;
/*!50001 SET collation_connection      = @saved_col_connection */;

--
-- Final view structure for view `mostrar_sexo`
--

/*!50001 DROP VIEW IF EXISTS `mostrar_sexo`*/;
/*!50001 SET @saved_cs_client          = @@character_set_client */;
/*!50001 SET @saved_cs_results         = @@character_set_results */;
/*!50001 SET @saved_col_connection     = @@collation_connection */;
/*!50001 SET character_set_client      = utf8mb4 */;
/*!50001 SET character_set_results     = utf8mb4 */;
/*!50001 SET collation_connection      = utf8mb4_0900_ai_ci */;
/*!50001 CREATE ALGORITHM=UNDEFINED */
/*!50013 DEFINER=`root`@`localhost` SQL SECURITY DEFINER */
/*!50001 VIEW `mostrar_sexo` AS select `sexo`.`idsexo` AS `idsexo`,`sexo`.`nombre` AS `nombre` from `sexo` where (0 <> '1') */;
/*!50001 SET character_set_client      = @saved_cs_client */;
/*!50001 SET character_set_results     = @saved_cs_results */;
/*!50001 SET collation_connection      = @saved_col_connection */;

--
-- Final view structure for view `mostrar_usuario1`
--

/*!50001 DROP VIEW IF EXISTS `mostrar_usuario1`*/;
/*!50001 SET @saved_cs_client          = @@character_set_client */;
/*!50001 SET @saved_cs_results         = @@character_set_results */;
/*!50001 SET @saved_col_connection     = @@collation_connection */;
/*!50001 SET character_set_client      = utf8mb4 */;
/*!50001 SET character_set_results     = utf8mb4 */;
/*!50001 SET collation_connection      = utf8mb4_0900_ai_ci */;
/*!50001 CREATE ALGORITHM=UNDEFINED */
/*!50013 DEFINER=`root`@`localhost` SQL SECURITY DEFINER */
/*!50001 VIEW `mostrar_usuario1` AS select `u`.`idusuario` AS `idusuario`,`u`.`tipoDocumento` AS `tipoDocumento`,`u`.`nombre` AS `nombre`,`u`.`telefono` AS `telefono`,`u`.`correo` AS `correo`,`u`.`direcion` AS `direcion`,`s`.`nombre` AS `sexo`,`u`.`fecha_nacimiento` AS `fecha`,`r`.`nombre` AS `rol` from (((`usuario` `u` join `tipo_documento` `t` on((`t`.`idTipo_documento` = `u`.`tipoDocumento`))) join `sexo` `s` on((`s`.`idsexo` = `s`.`nombre`))) join `cargo` `r` on((`r`.`idcargo` = `u`.`nombre`))) where (`u`.`condicion` = '1') */;
/*!50001 SET character_set_client      = @saved_cs_client */;
/*!50001 SET character_set_results     = @saved_cs_results */;
/*!50001 SET collation_connection      = @saved_col_connection */;
/*!40103 SET TIME_ZONE=@OLD_TIME_ZONE */;

/*!40101 SET SQL_MODE=@OLD_SQL_MODE */;
/*!40014 SET FOREIGN_KEY_CHECKS=@OLD_FOREIGN_KEY_CHECKS */;
/*!40014 SET UNIQUE_CHECKS=@OLD_UNIQUE_CHECKS */;
/*!40101 SET CHARACTER_SET_CLIENT=@OLD_CHARACTER_SET_CLIENT */;
/*!40101 SET CHARACTER_SET_RESULTS=@OLD_CHARACTER_SET_RESULTS */;
/*!40101 SET COLLATION_CONNECTION=@OLD_COLLATION_CONNECTION */;
/*!40111 SET SQL_NOTES=@OLD_SQL_NOTES */;

-- Dump completed on 2023-10-20  0:24:02
